[
  	{
		"item": "oreAluminum",
		"color": 12,
		"rarity": [
			{
				"whitelist": "",
				"blacklist": "minecraft:hell, minecraft:sky",
				"depth_min": 50,
				"depth_max": 100,
				"weight": 6
			}
		]
	},
	{
		"item": "oreSaltpeter",
		"color": 0,
		"rarity": [
			{
				"whitelist": "",
				"blacklist": "minecraft:hell, minecraft:sky",
				"depth_min": 50,
				"depth_max": 100,
				"weight": 4
			}
		]
	},
	{
		"item": "oreZinc",
		"color": 12,
		"rarity": [
			{
				"whitelist": "",
				"blacklist": "minecraft:hell, minecraft:sky",
				"depth_min": 5,
				"depth_max": 68,
				"weight": 4
			}
		]
	}
]
