{
   "iron_ore_large":{
      "type":"cluster",
      "ore":[
         {
            "ore":"oreIron",
            "weight":80
         },
         {
            "block":"immersiveengineering:ore",
            "meta":4,
            "weight":5
         }
      ],
      "stone":"minecraft:stone",
      "indicator":{
         "blocks":{
            "ore":"oreIron"
         },
         "rarity":101,
         "blocks_under":[
            {
               "block":"minecraft:stone"
            },
            {
               "block":"minecraft:dirt",
               "meta":0
            },
            {
               "block":"minecraft:dirt",
               "meta":1
            },
            {
               "block":"minecraft:dirt",
               "meta":2
            },
            {
               "block":"minecraft:grass"
            },
            {
               "block":"minecraft:gravel"
            },
            {
               "block":"minecraft:sand",
               "meta":0
            },
            {
               "block":"minecraft:sand",
               "meta":1
            },
            {
               "block":"minecraft:hardened_clay"
            },
            {
               "block":"minecraft:stained_hardened_clay",
               "meta":0
            },
            {
               "block":"minecraft:stained_hardened_clay",
               "meta":1
            },
            {
               "block":"minecraft:stained_hardened_clay",
               "meta":2
            },
            {
               "block":"minecraft:stained_hardened_clay",
               "meta":3
            },
            {
               "block":"minecraft:stained_hardened_clay",
               "meta":4
            },
            {
               "block":"minecraft:stained_hardened_clay",
               "meta":5
            },
            {
               "block":"minecraft:stained_hardened_clay",
               "meta":6
            },
            {
               "block":"minecraft:stained_hardened_clay",
               "meta":7
            },
            {
               "block":"minecraft:stained_hardened_clay",
               "meta":8
            },
            {
               "block":"minecraft:stained_hardened_clay",
               "meta":9
            },
            {
               "block":"minecraft:stained_hardened_clay",
               "meta":10
            },
            {
               "block":"minecraft:stained_hardened_clay",
               "meta":11
            },
            {
               "block":"minecraft:stained_hardened_clay",
               "meta":12
            },
            {
               "block":"minecraft:stained_hardened_clay",
               "meta":13
            },
            {
               "block":"minecraft:stained_hardened_clay",
               "meta":14
            },
            {
               "block":"minecraft:stained_hardened_clay",
               "meta":15
            },
            {
               "block":"minecraft:snow"
            },
            {
               "block":"minecraft:mycelium"
            },
            {
               "block":"biomesoplenty:grass",
               "meta":1
            },
            {
               "block":"biomesoplenty:grass",
               "meta":2
            },
            {
               "block":"biomesoplenty:grass",
               "meta":3
            },
            {
               "block":"biomesoplenty:grass",
               "meta":5
            },
            {
               "block":"biomesoplenty:grass",
               "meta":7
            },
            {
               "block":"biomesoplenty:dirt",
               "meta":0
            },
            {
               "block":"biomesoplenty:dirt",
               "meta":1
            },
            {
               "block":"biomesoplenty:dirt",
               "meta":2
            },
            {
               "block":"biomesoplenty:dirt",
               "meta":8
            },
            {
               "block":"biomesoplenty:dirt",
               "meta":9
            },
            {
               "block":"biomesoplenty:dirt",
               "meta":10
            },
            {
               "block":"biomesoplenty:mud"
            },
            {
               "block":"biomesoplenty:ash_block"
            },
            {
               "block":"biomesoplenty:dried_sand"
            },
            {
               "block":"biomesoplenty:white_sand"
            }
         ],
		 "replace_surface":true
      },
      "rarity":10000,
      "count":1,
      "min_y":0,
      "max_y":63,
      "density":100,
      "vertical_size":15,
      "horizontal_size":250
   },
   "aluminium_ore_large":{
      "type":"cluster",
      "ore":[
         {
            "block":"immersiveengineering:ore",
            "meta":1,
            "weight":95
         },
         {
            "block":"minecraft:clay",
            "meta":4,
            "weight":5
         }
      ],
      "stone":"minecraft:stone",
      "indicator":{
         "blocks":{
            "block":"immersiveengineering:ore",
            "meta":1
         },
         "rarity":101,
         "blocks_under":[
            {
               "block":"minecraft:stone"
            },
            {
               "block":"minecraft:dirt",
               "meta":0
            },
            {
               "block":"minecraft:dirt",
               "meta":1
            },
            {
               "block":"minecraft:dirt",
               "meta":2
            },
            {
               "block":"minecraft:grass"
            },
            {
               "block":"minecraft:gravel"
            },
            {
               "block":"minecraft:sand",
               "meta":0
            },
            {
               "block":"minecraft:sand",
               "meta":1
            },
            {
               "block":"minecraft:hardened_clay"
            },
            {
               "block":"minecraft:stained_hardened_clay",
               "meta":0
            },
            {
               "block":"minecraft:stained_hardened_clay",
               "meta":1
            },
            {
               "block":"minecraft:stained_hardened_clay",
               "meta":2
            },
            {
               "block":"minecraft:stained_hardened_clay",
               "meta":3
            },
            {
               "block":"minecraft:stained_hardened_clay",
               "meta":4
            },
            {
               "block":"minecraft:stained_hardened_clay",
               "meta":5
            },
            {
               "block":"minecraft:stained_hardened_clay",
               "meta":6
            },
            {
               "block":"minecraft:stained_hardened_clay",
               "meta":7
            },
            {
               "block":"minecraft:stained_hardened_clay",
               "meta":8
            },
            {
               "block":"minecraft:stained_hardened_clay",
               "meta":9
            },
            {
               "block":"minecraft:stained_hardened_clay",
               "meta":10
            },
            {
               "block":"minecraft:stained_hardened_clay",
               "meta":11
            },
            {
               "block":"minecraft:stained_hardened_clay",
               "meta":12
            },
            {
               "block":"minecraft:stained_hardened_clay",
               "meta":13
            },
            {
               "block":"minecraft:stained_hardened_clay",
               "meta":14
            },
            {
               "block":"minecraft:stained_hardened_clay",
               "meta":15
            },
            {
               "block":"minecraft:snow"
            },
            {
               "block":"minecraft:mycelium"
            },
            {
               "block":"biomesoplenty:grass",
               "meta":1
            },
            {
               "block":"biomesoplenty:grass",
               "meta":2
            },
            {
               "block":"biomesoplenty:grass",
               "meta":3
            },
            {
               "block":"biomesoplenty:grass",
               "meta":5
            },
            {
               "block":"biomesoplenty:grass",
               "meta":7
            },
            {
               "block":"biomesoplenty:dirt",
               "meta":0
            },
            {
               "block":"biomesoplenty:dirt",
               "meta":1
            },
            {
               "block":"biomesoplenty:dirt",
               "meta":2
            },
            {
               "block":"biomesoplenty:dirt",
               "meta":8
            },
            {
               "block":"biomesoplenty:dirt",
               "meta":9
            },
            {
               "block":"biomesoplenty:dirt",
               "meta":10
            },
            {
               "block":"biomesoplenty:mud"
            },
            {
               "block":"biomesoplenty:ash_block"
            },
            {
               "block":"biomesoplenty:dried_sand"
            },
            {
               "block":"biomesoplenty:white_sand"
            }
         ]
      },
      "rarity":10000,
      "count":1,
      "min_y":0,
      "max_y":64,
      "density":100,
      "vertical_size":30,
      "horizontal_size":200
   },
   "tin_ore_large":{
      "type":"cluster",
      "ore":[
         {
            "block":"thermalfoundation:ore",
            "meta":1,
            "weight":80
         }
      ],
      "stone":"minecraft:stone",
      "indicator":{
         "blocks":{
            "block":"thermalfoundation:ore",
            "meta":1
         },
         "rarity":101,
         "blocks_under":[
            {
               "block":"minecraft:stone"
            },
            {
               "block":"minecraft:dirt",
               "meta":0
            },
            {
               "block":"minecraft:dirt",
               "meta":1
            },
            {
               "block":"minecraft:dirt",
               "meta":2
            },
            {
               "block":"minecraft:grass"
            },
            {
               "block":"minecraft:gravel"
            },
            {
               "block":"minecraft:sand",
               "meta":0
            },
            {
               "block":"minecraft:sand",
               "meta":1
            },
            {
               "block":"minecraft:hardened_clay"
            },
            {
               "block":"minecraft:stained_hardened_clay",
               "meta":0
            },
            {
               "block":"minecraft:stained_hardened_clay",
               "meta":1
            },
            {
               "block":"minecraft:stained_hardened_clay",
               "meta":2
            },
            {
               "block":"minecraft:stained_hardened_clay",
               "meta":3
            },
            {
               "block":"minecraft:stained_hardened_clay",
               "meta":4
            },
            {
               "block":"minecraft:stained_hardened_clay",
               "meta":5
            },
            {
               "block":"minecraft:stained_hardened_clay",
               "meta":6
            },
            {
               "block":"minecraft:stained_hardened_clay",
               "meta":7
            },
            {
               "block":"minecraft:stained_hardened_clay",
               "meta":8
            },
            {
               "block":"minecraft:stained_hardened_clay",
               "meta":9
            },
            {
               "block":"minecraft:stained_hardened_clay",
               "meta":10
            },
            {
               "block":"minecraft:stained_hardened_clay",
               "meta":11
            },
            {
               "block":"minecraft:stained_hardened_clay",
               "meta":12
            },
            {
               "block":"minecraft:stained_hardened_clay",
               "meta":13
            },
            {
               "block":"minecraft:stained_hardened_clay",
               "meta":14
            },
            {
               "block":"minecraft:stained_hardened_clay",
               "meta":15
            },
            {
               "block":"minecraft:snow"
            },
            {
               "block":"minecraft:mycelium"
            },
            {
               "block":"biomesoplenty:grass",
               "meta":1
            },
            {
               "block":"biomesoplenty:grass",
               "meta":2
            },
            {
               "block":"biomesoplenty:grass",
               "meta":3
            },
            {
               "block":"biomesoplenty:grass",
               "meta":5
            },
            {
               "block":"biomesoplenty:grass",
               "meta":7
            },
            {
               "block":"biomesoplenty:dirt",
               "meta":0
            },
            {
               "block":"biomesoplenty:dirt",
               "meta":1
            },
            {
               "block":"biomesoplenty:dirt",
               "meta":2
            },
            {
               "block":"biomesoplenty:dirt",
               "meta":8
            },
            {
               "block":"biomesoplenty:dirt",
               "meta":9
            },
            {
               "block":"biomesoplenty:dirt",
               "meta":10
            },
            {
               "block":"biomesoplenty:mud"
            },
            {
               "block":"biomesoplenty:ash_block"
            },
            {
               "block":"biomesoplenty:dried_sand"
            },
            {
               "block":"biomesoplenty:white_sand"
            }
         ]
      },
      "rarity":10000,
      "count":1,
      "min_y":0,
      "max_y":40,
      "density":100,
      "vertical_size":30,
      "horizontal_size":200
   },
   "gold_ore_large":{
      "type":"cone",
      "ore":[
         {
            "block":"minecraft:gold_ore",
            "weight":40
         },
         {
            "block":"thaumcraft:ore_quartz",
            "weight":60
         }
      ],
      "indicator":{
         "blocks":{
            "block":"minecraft:gold_ore"
         },
         "rarity":40,
         "blocks_under":[
            {
               "block":"minecraft:stone"
            },
            {
               "block":"minecraft:dirt",
               "meta":0
            },
            {
               "block":"minecraft:dirt",
               "meta":1
            },
            {
               "block":"minecraft:dirt",
               "meta":2
            },
            {
               "block":"minecraft:grass"
            },
            {
               "block":"minecraft:gravel"
            },
            {
               "block":"minecraft:sand",
               "meta":0
            },
            {
               "block":"minecraft:sand",
               "meta":1
            },
            {
               "block":"minecraft:hardened_clay"
            },
            {
               "block":"minecraft:stained_hardened_clay",
               "meta":0
            },
            {
               "block":"minecraft:stained_hardened_clay",
               "meta":1
            },
            {
               "block":"minecraft:stained_hardened_clay",
               "meta":2
            },
            {
               "block":"minecraft:stained_hardened_clay",
               "meta":3
            },
            {
               "block":"minecraft:stained_hardened_clay",
               "meta":4
            },
            {
               "block":"minecraft:stained_hardened_clay",
               "meta":5
            },
            {
               "block":"minecraft:stained_hardened_clay",
               "meta":6
            },
            {
               "block":"minecraft:stained_hardened_clay",
               "meta":7
            },
            {
               "block":"minecraft:stained_hardened_clay",
               "meta":8
            },
            {
               "block":"minecraft:stained_hardened_clay",
               "meta":9
            },
            {
               "block":"minecraft:stained_hardened_clay",
               "meta":10
            },
            {
               "block":"minecraft:stained_hardened_clay",
               "meta":11
            },
            {
               "block":"minecraft:stained_hardened_clay",
               "meta":12
            },
            {
               "block":"minecraft:stained_hardened_clay",
               "meta":13
            },
            {
               "block":"minecraft:stained_hardened_clay",
               "meta":14
            },
            {
               "block":"minecraft:stained_hardened_clay",
               "meta":15
            },
            {
               "block":"minecraft:snow"
            },
            {
               "block":"minecraft:mycelium"
            },
            {
               "block":"biomesoplenty:grass",
               "meta":1
            },
            {
               "block":"biomesoplenty:grass",
               "meta":2
            },
            {
               "block":"biomesoplenty:grass",
               "meta":3
            },
            {
               "block":"biomesoplenty:grass",
               "meta":5
            },
            {
               "block":"biomesoplenty:grass",
               "meta":7
            },
            {
               "block":"biomesoplenty:dirt",
               "meta":0
            },
            {
               "block":"biomesoplenty:dirt",
               "meta":1
            },
            {
               "block":"biomesoplenty:dirt",
               "meta":2
            },
            {
               "block":"biomesoplenty:dirt",
               "meta":8
            },
            {
               "block":"biomesoplenty:dirt",
               "meta":9
            },
            {
               "block":"biomesoplenty:dirt",
               "meta":10
            },
            {
               "block":"biomesoplenty:mud"
            },
            {
               "block":"biomesoplenty:ash_block"
            },
            {
               "block":"biomesoplenty:dried_sand"
            },
            {
               "block":"biomesoplenty:white_sand"
            }
         ]
      },
      "stone":"minecraft:stone",
      "rarity":900,
      "count":1,
      "min_y":8,
      "max_y":50,
      "density":200,
      "vertical_size":30,
      "horizontal_size":20,
      "inverted":false
   },
   "silver_ore_large":{
      "type":"cone",
      "ore":[
         {
            "block":"immersiveengineering:ore",
            "meta":3,
            "weight":90
         },
         {
            "block":"immersiveengineering:ore",
            "meta":0,
            "weight":10
         }
      ],
      "indicator":{
         "blocks":{
            "block":"immersiveengineering:ore",
            "meta":3
         },
         "rarity":40,
         "blocks_under":[
            {
               "block":"minecraft:stone"
            },
            {
               "block":"minecraft:dirt",
               "meta":0
            },
            {
               "block":"minecraft:dirt",
               "meta":1
            },
            {
               "block":"minecraft:dirt",
               "meta":2
            },
            {
               "block":"minecraft:grass"
            },
            {
               "block":"minecraft:gravel"
            },
            {
               "block":"minecraft:sand",
               "meta":0
            },
            {
               "block":"minecraft:sand",
               "meta":1
            },
            {
               "block":"minecraft:hardened_clay"
            },
            {
               "block":"minecraft:stained_hardened_clay",
               "meta":0
            },
            {
               "block":"minecraft:stained_hardened_clay",
               "meta":1
            },
            {
               "block":"minecraft:stained_hardened_clay",
               "meta":2
            },
            {
               "block":"minecraft:stained_hardened_clay",
               "meta":3
            },
            {
               "block":"minecraft:stained_hardened_clay",
               "meta":4
            },
            {
               "block":"minecraft:stained_hardened_clay",
               "meta":5
            },
            {
               "block":"minecraft:stained_hardened_clay",
               "meta":6
            },
            {
               "block":"minecraft:stained_hardened_clay",
               "meta":7
            },
            {
               "block":"minecraft:stained_hardened_clay",
               "meta":8
            },
            {
               "block":"minecraft:stained_hardened_clay",
               "meta":9
            },
            {
               "block":"minecraft:stained_hardened_clay",
               "meta":10
            },
            {
               "block":"minecraft:stained_hardened_clay",
               "meta":11
            },
            {
               "block":"minecraft:stained_hardened_clay",
               "meta":12
            },
            {
               "block":"minecraft:stained_hardened_clay",
               "meta":13
            },
            {
               "block":"minecraft:stained_hardened_clay",
               "meta":14
            },
            {
               "block":"minecraft:stained_hardened_clay",
               "meta":15
            },
            {
               "block":"minecraft:snow"
            },
            {
               "block":"minecraft:mycelium"
            },
            {
               "block":"biomesoplenty:grass",
               "meta":1
            },
            {
               "block":"biomesoplenty:grass",
               "meta":2
            },
            {
               "block":"biomesoplenty:grass",
               "meta":3
            },
            {
               "block":"biomesoplenty:grass",
               "meta":5
            },
            {
               "block":"biomesoplenty:grass",
               "meta":7
            },
            {
               "block":"biomesoplenty:dirt",
               "meta":0
            },
            {
               "block":"biomesoplenty:dirt",
               "meta":1
            },
            {
               "block":"biomesoplenty:dirt",
               "meta":2
            },
            {
               "block":"biomesoplenty:dirt",
               "meta":8
            },
            {
               "block":"biomesoplenty:dirt",
               "meta":9
            },
            {
               "block":"biomesoplenty:dirt",
               "meta":10
            },
            {
               "block":"biomesoplenty:mud"
            },
            {
               "block":"biomesoplenty:ash_block"
            },
            {
               "block":"biomesoplenty:dried_sand"
            },
            {
               "block":"biomesoplenty:white_sand"
            }
         ]
      },
      "stone":"minecraft:stone",
      "rarity":900,
      "count":1,
      "min_y":8,
      "max_y":50,
      "density":200,
      "vertical_size":30,
      "horizontal_size":20,
      "inverted":false
   },
   "coal_ore_large":{
      "type":"cluster",
      "ore":[
         {
            "ore":"oreCoal",
            "weight":99
         },
         {
            "block":"minecraft:diamond_ore",
            "weight":1
         }
      ],
      "indicator":{
         "blocks":{
            "ore":"oreCoal"
         },
         "rarity":101,
         "blocks_under":[
            {
               "block":"minecraft:stone"
            },
            {
               "block":"minecraft:dirt",
               "meta":0
            },
            {
               "block":"minecraft:dirt",
               "meta":1
            },
            {
               "block":"minecraft:dirt",
               "meta":2
            },
            {
               "block":"minecraft:grass"
            },
            {
               "block":"minecraft:gravel"
            },
            {
               "block":"minecraft:sand",
               "meta":0
            },
            {
               "block":"minecraft:sand",
               "meta":1
            },
            {
               "block":"minecraft:hardened_clay"
            },
            {
               "block":"minecraft:stained_hardened_clay",
               "meta":0
            },
            {
               "block":"minecraft:stained_hardened_clay",
               "meta":1
            },
            {
               "block":"minecraft:stained_hardened_clay",
               "meta":2
            },
            {
               "block":"minecraft:stained_hardened_clay",
               "meta":3
            },
            {
               "block":"minecraft:stained_hardened_clay",
               "meta":4
            },
            {
               "block":"minecraft:stained_hardened_clay",
               "meta":5
            },
            {
               "block":"minecraft:stained_hardened_clay",
               "meta":6
            },
            {
               "block":"minecraft:stained_hardened_clay",
               "meta":7
            },
            {
               "block":"minecraft:stained_hardened_clay",
               "meta":8
            },
            {
               "block":"minecraft:stained_hardened_clay",
               "meta":9
            },
            {
               "block":"minecraft:stained_hardened_clay",
               "meta":10
            },
            {
               "block":"minecraft:stained_hardened_clay",
               "meta":11
            },
            {
               "block":"minecraft:stained_hardened_clay",
               "meta":12
            },
            {
               "block":"minecraft:stained_hardened_clay",
               "meta":13
            },
            {
               "block":"minecraft:stained_hardened_clay",
               "meta":14
            },
            {
               "block":"minecraft:stained_hardened_clay",
               "meta":15
            },
            {
               "block":"minecraft:snow"
            },
            {
               "block":"minecraft:mycelium"
            },
            {
               "block":"biomesoplenty:grass",
               "meta":1
            },
            {
               "block":"biomesoplenty:grass",
               "meta":2
            },
            {
               "block":"biomesoplenty:grass",
               "meta":3
            },
            {
               "block":"biomesoplenty:grass",
               "meta":5
            },
            {
               "block":"biomesoplenty:grass",
               "meta":7
            },
            {
               "block":"biomesoplenty:dirt",
               "meta":0
            },
            {
               "block":"biomesoplenty:dirt",
               "meta":1
            },
            {
               "block":"biomesoplenty:dirt",
               "meta":2
            },
            {
               "block":"biomesoplenty:dirt",
               "meta":8
            },
            {
               "block":"biomesoplenty:dirt",
               "meta":9
            },
            {
               "block":"biomesoplenty:dirt",
               "meta":10
            },
            {
               "block":"biomesoplenty:mud"
            },
            {
               "block":"biomesoplenty:ash_block"
            },
            {
               "block":"biomesoplenty:dried_sand"
            },
            {
               "block":"biomesoplenty:white_sand"
            }
         ]
      },
      "stone":"minecraft:stone",
      "rarity":10000,
      "count":1,
      "min_y":32,
      "max_y":128,
      "density":250,
      "vertical_size":7,
      "horizontal_size":300
   },
   "redstone_ore_large":{
      "type":"cluster",
      "ore":"minecraft:redstone_ore",
      "stone":"minecraft:stone",
      "count":1,
      "rarity":16,
      "min_y":0,
      "max_y":15,
      "density":30,
      "vertical_size":8,
      "horizontal_size":30
   },
   "emerald_ore_large":{
      "type":"sphere",
      "ore":"minecraft:emerald_ore",
      "stone":"minecraft:stone",
      "rarity":1000,
      "count":1,
      "min_y":0,
      "max_y":40,
      "density":30,
      "vertical_size":10,
      "horizontal_size":10
   },
   "lapis_ore_large":{
      "type":"sphere",
      "ore":"minecraft:emerald_ore",
      "stone":"minecraft:stone",
      "rarity":500,
      "count":2,
      "min_y":0,
      "max_y":30,
      "density":30,
      "vertical_size":2,
      "horizontal_size":10
   },
   "copper_ore_large":{
      "type":"cluster",
      "ore":{
         "block":"immersiveengineering:ore",
         "meta":0
      },
      "indicator":{
         "blocks":{
         "block":"immersiveengineering:ore",
         "meta":0
         },
         "rarity":101,
         "blocks_under":[
            {
               "block":"minecraft:stone"
            },
            {
               "block":"minecraft:dirt",
               "meta":0
            },
            {
               "block":"minecraft:dirt",
               "meta":1
            },
            {
               "block":"minecraft:dirt",
               "meta":2
            },
            {
               "block":"minecraft:grass"
            },
            {
               "block":"minecraft:gravel"
            },
            {
               "block":"minecraft:sand",
               "meta":0
            },
            {
               "block":"minecraft:sand",
               "meta":1
            },
            {
               "block":"minecraft:hardened_clay"
            },
            {
               "block":"minecraft:stained_hardened_clay",
               "meta":0
            },
            {
               "block":"minecraft:stained_hardened_clay",
               "meta":1
            },
            {
               "block":"minecraft:stained_hardened_clay",
               "meta":2
            },
            {
               "block":"minecraft:stained_hardened_clay",
               "meta":3
            },
            {
               "block":"minecraft:stained_hardened_clay",
               "meta":4
            },
            {
               "block":"minecraft:stained_hardened_clay",
               "meta":5
            },
            {
               "block":"minecraft:stained_hardened_clay",
               "meta":6
            },
            {
               "block":"minecraft:stained_hardened_clay",
               "meta":7
            },
            {
               "block":"minecraft:stained_hardened_clay",
               "meta":8
            },
            {
               "block":"minecraft:stained_hardened_clay",
               "meta":9
            },
            {
               "block":"minecraft:stained_hardened_clay",
               "meta":10
            },
            {
               "block":"minecraft:stained_hardened_clay",
               "meta":11
            },
            {
               "block":"minecraft:stained_hardened_clay",
               "meta":12
            },
            {
               "block":"minecraft:stained_hardened_clay",
               "meta":13
            },
            {
               "block":"minecraft:stained_hardened_clay",
               "meta":14
            },
            {
               "block":"minecraft:stained_hardened_clay",
               "meta":15
            },
            {
               "block":"minecraft:snow"
            },
            {
               "block":"minecraft:mycelium"
            },
            {
               "block":"biomesoplenty:grass",
               "meta":1
            },
            {
               "block":"biomesoplenty:grass",
               "meta":2
            },
            {
               "block":"biomesoplenty:grass",
               "meta":3
            },
            {
               "block":"biomesoplenty:grass",
               "meta":5
            },
            {
               "block":"biomesoplenty:grass",
               "meta":7
            },
            {
               "block":"biomesoplenty:dirt",
               "meta":0
            },
            {
               "block":"biomesoplenty:dirt",
               "meta":1
            },
            {
               "block":"biomesoplenty:dirt",
               "meta":2
            },
            {
               "block":"biomesoplenty:dirt",
               "meta":8
            },
            {
               "block":"biomesoplenty:dirt",
               "meta":9
            },
            {
               "block":"biomesoplenty:dirt",
               "meta":10
            },
            {
               "block":"biomesoplenty:mud"
            },
            {
               "block":"biomesoplenty:ash_block"
            },
            {
               "block":"biomesoplenty:dried_sand"
            },
            {
               "block":"biomesoplenty:white_sand"
            }
         ],
		 "replace_surface":true
      },
      "stone":"minecraft:stone",
      "rarity":10000,
      "count":1,
      "min_y":40,
      "max_y":72,
      "density":100,
      "vertical_size":30,
      "horizontal_size":200
   },
   "lead_ore_large":{
      "type":"cluster",
      "ore":[
	  {
         "block":"immersiveengineering:ore",
         "meta":3,
		 "weight":90
      },
	  {
         "block":"immersiveintelligence:ore",
         "meta":1,
		 "weight":10
      }
	  ],
      "indicator":{
         "blocks":{
         "block":"immersiveengineering:ore",
         "meta":3
         },
         "rarity":30,
         "blocks_under":[
            {
               "block":"minecraft:stone"
            },
            {
               "block":"minecraft:dirt",
               "meta":0
            },
            {
               "block":"minecraft:dirt",
               "meta":1
            },
            {
               "block":"minecraft:dirt",
               "meta":2
            },
            {
               "block":"minecraft:grass"
            },
            {
               "block":"minecraft:gravel"
            },
            {
               "block":"minecraft:sand",
               "meta":0
            },
            {
               "block":"minecraft:sand",
               "meta":1
            },
            {
               "block":"minecraft:hardened_clay"
            },
            {
               "block":"minecraft:stained_hardened_clay",
               "meta":0
            },
            {
               "block":"minecraft:stained_hardened_clay",
               "meta":1
            },
            {
               "block":"minecraft:stained_hardened_clay",
               "meta":2
            },
            {
               "block":"minecraft:stained_hardened_clay",
               "meta":3
            },
            {
               "block":"minecraft:stained_hardened_clay",
               "meta":4
            },
            {
               "block":"minecraft:stained_hardened_clay",
               "meta":5
            },
            {
               "block":"minecraft:stained_hardened_clay",
               "meta":6
            },
            {
               "block":"minecraft:stained_hardened_clay",
               "meta":7
            },
            {
               "block":"minecraft:stained_hardened_clay",
               "meta":8
            },
            {
               "block":"minecraft:stained_hardened_clay",
               "meta":9
            },
            {
               "block":"minecraft:stained_hardened_clay",
               "meta":10
            },
            {
               "block":"minecraft:stained_hardened_clay",
               "meta":11
            },
            {
               "block":"minecraft:stained_hardened_clay",
               "meta":12
            },
            {
               "block":"minecraft:stained_hardened_clay",
               "meta":13
            },
            {
               "block":"minecraft:stained_hardened_clay",
               "meta":14
            },
            {
               "block":"minecraft:stained_hardened_clay",
               "meta":15
            },
            {
               "block":"minecraft:snow"
            },
            {
               "block":"minecraft:mycelium"
            },
            {
               "block":"biomesoplenty:grass",
               "meta":1
            },
            {
               "block":"biomesoplenty:grass",
               "meta":2
            },
            {
               "block":"biomesoplenty:grass",
               "meta":3
            },
            {
               "block":"biomesoplenty:grass",
               "meta":5
            },
            {
               "block":"biomesoplenty:grass",
               "meta":7
            },
            {
               "block":"biomesoplenty:dirt",
               "meta":0
            },
            {
               "block":"biomesoplenty:dirt",
               "meta":1
            },
            {
               "block":"biomesoplenty:dirt",
               "meta":2
            },
            {
               "block":"biomesoplenty:dirt",
               "meta":8
            },
            {
               "block":"biomesoplenty:dirt",
               "meta":9
            },
            {
               "block":"biomesoplenty:dirt",
               "meta":10
            },
            {
               "block":"biomesoplenty:mud"
            },
            {
               "block":"biomesoplenty:ash_block"
            },
            {
               "block":"biomesoplenty:dried_sand"
            },
            {
               "block":"biomesoplenty:white_sand"
            }
         ]
      },
      "stone":"minecraft:stone",
      "rarity":10000,
      "count":1,
      "min_y":5,
      "max_y":30,
      "density":100,
      "vertical_size":30,
      "horizontal_size":200
   },
   "uranium_ore_large":{
      "type":"cluster",
      "ore":{
         "block":"immersiveengineering:ore",
         "meta":5
      },
      "indicator":{
         "blocks":{
         "block":"immersiveengineering:ore",
         "meta":5
         },
         "rarity":101,
         "blocks_under":[
            {
               "block":"minecraft:stone"
            },
            {
               "block":"minecraft:dirt",
               "meta":0
            },
            {
               "block":"minecraft:dirt",
               "meta":1
            },
            {
               "block":"minecraft:dirt",
               "meta":2
            },
            {
               "block":"minecraft:grass"
            },
            {
               "block":"minecraft:gravel"
            },
            {
               "block":"minecraft:sand",
               "meta":0
            },
            {
               "block":"minecraft:sand",
               "meta":1
            },
            {
               "block":"minecraft:hardened_clay"
            },
            {
               "block":"minecraft:stained_hardened_clay",
               "meta":0
            },
            {
               "block":"minecraft:stained_hardened_clay",
               "meta":1
            },
            {
               "block":"minecraft:stained_hardened_clay",
               "meta":2
            },
            {
               "block":"minecraft:stained_hardened_clay",
               "meta":3
            },
            {
               "block":"minecraft:stained_hardened_clay",
               "meta":4
            },
            {
               "block":"minecraft:stained_hardened_clay",
               "meta":5
            },
            {
               "block":"minecraft:stained_hardened_clay",
               "meta":6
            },
            {
               "block":"minecraft:stained_hardened_clay",
               "meta":7
            },
            {
               "block":"minecraft:stained_hardened_clay",
               "meta":8
            },
            {
               "block":"minecraft:stained_hardened_clay",
               "meta":9
            },
            {
               "block":"minecraft:stained_hardened_clay",
               "meta":10
            },
            {
               "block":"minecraft:stained_hardened_clay",
               "meta":11
            },
            {
               "block":"minecraft:stained_hardened_clay",
               "meta":12
            },
            {
               "block":"minecraft:stained_hardened_clay",
               "meta":13
            },
            {
               "block":"minecraft:stained_hardened_clay",
               "meta":14
            },
            {
               "block":"minecraft:stained_hardened_clay",
               "meta":15
            },
            {
               "block":"minecraft:snow"
            },
            {
               "block":"minecraft:mycelium"
            },
            {
               "block":"biomesoplenty:grass",
               "meta":1
            },
            {
               "block":"biomesoplenty:grass",
               "meta":2
            },
            {
               "block":"biomesoplenty:grass",
               "meta":3
            },
            {
               "block":"biomesoplenty:grass",
               "meta":5
            },
            {
               "block":"biomesoplenty:grass",
               "meta":7
            },
            {
               "block":"biomesoplenty:dirt",
               "meta":0
            },
            {
               "block":"biomesoplenty:dirt",
               "meta":1
            },
            {
               "block":"biomesoplenty:dirt",
               "meta":2
            },
            {
               "block":"biomesoplenty:dirt",
               "meta":8
            },
            {
               "block":"biomesoplenty:dirt",
               "meta":9
            },
            {
               "block":"biomesoplenty:dirt",
               "meta":10
            },
            {
               "block":"biomesoplenty:mud"
            },
            {
               "block":"biomesoplenty:ash_block"
            },
            {
               "block":"biomesoplenty:dried_sand"
            },
            {
               "block":"biomesoplenty:white_sand"
            }
         ]
      },
      "stone":"minecraft:stone",
      "rarity":5000,
      "count":1,
      "min_y":1,
      "max_y":60,
      "density":6,
      "vertical_size":30,
      "horizontal_size":60
   },
   "thorium_ore_large":{
      "type":"sphere",
      "ore":{
         "block":"nuclearcraft:ore",
         "meta":3
      },
      "indicator":{
         "blocks":{
         "block":"nuclearcraft:ore",
         "meta":3
         },
         "rarity":101,
         "blocks_under":[
            {
               "block":"minecraft:stone"
            },
            {
               "block":"minecraft:dirt",
               "meta":0
            },
            {
               "block":"minecraft:dirt",
               "meta":1
            },
            {
               "block":"minecraft:dirt",
               "meta":2
            },
            {
               "block":"minecraft:grass"
            },
            {
               "block":"minecraft:gravel"
            },
            {
               "block":"minecraft:sand",
               "meta":0
            },
            {
               "block":"minecraft:sand",
               "meta":1
            },
            {
               "block":"minecraft:hardened_clay"
            },
            {
               "block":"minecraft:stained_hardened_clay",
               "meta":0
            },
            {
               "block":"minecraft:stained_hardened_clay",
               "meta":1
            },
            {
               "block":"minecraft:stained_hardened_clay",
               "meta":2
            },
            {
               "block":"minecraft:stained_hardened_clay",
               "meta":3
            },
            {
               "block":"minecraft:stained_hardened_clay",
               "meta":4
            },
            {
               "block":"minecraft:stained_hardened_clay",
               "meta":5
            },
            {
               "block":"minecraft:stained_hardened_clay",
               "meta":6
            },
            {
               "block":"minecraft:stained_hardened_clay",
               "meta":7
            },
            {
               "block":"minecraft:stained_hardened_clay",
               "meta":8
            },
            {
               "block":"minecraft:stained_hardened_clay",
               "meta":9
            },
            {
               "block":"minecraft:stained_hardened_clay",
               "meta":10
            },
            {
               "block":"minecraft:stained_hardened_clay",
               "meta":11
            },
            {
               "block":"minecraft:stained_hardened_clay",
               "meta":12
            },
            {
               "block":"minecraft:stained_hardened_clay",
               "meta":13
            },
            {
               "block":"minecraft:stained_hardened_clay",
               "meta":14
            },
            {
               "block":"minecraft:stained_hardened_clay",
               "meta":15
            },
            {
               "block":"minecraft:snow"
            },
            {
               "block":"minecraft:mycelium"
            },
            {
               "block":"biomesoplenty:grass",
               "meta":1
            },
            {
               "block":"biomesoplenty:grass",
               "meta":2
            },
            {
               "block":"biomesoplenty:grass",
               "meta":3
            },
            {
               "block":"biomesoplenty:grass",
               "meta":5
            },
            {
               "block":"biomesoplenty:grass",
               "meta":7
            },
            {
               "block":"biomesoplenty:dirt",
               "meta":0
            },
            {
               "block":"biomesoplenty:dirt",
               "meta":1
            },
            {
               "block":"biomesoplenty:dirt",
               "meta":2
            },
            {
               "block":"biomesoplenty:dirt",
               "meta":8
            },
            {
               "block":"biomesoplenty:dirt",
               "meta":9
            },
            {
               "block":"biomesoplenty:dirt",
               "meta":10
            },
            {
               "block":"biomesoplenty:mud"
            },
            {
               "block":"biomesoplenty:ash_block"
            },
            {
               "block":"biomesoplenty:dried_sand"
            },
            {
               "block":"biomesoplenty:white_sand"
            }
         ]
      },
      "stone":"minecraft:stone",
      "rarity":4000,
      "count":1,
      "min_y":8,
      "max_y":24,
      "density":100,
      "vertical_size":30,
      "horizontal_size":60
   },
   "salt_lithium_ore_large":{
      "type":"cluster",
      "ore":[
         {
            "block":"immersiveintelligence:ore",
            "meta":3, 
			"weight":60
         },
         {
            "block":"nuclearcraft:ore",
			"meta": 6,
            "weight":40
         }
      ],
      "indicator":{
         "blocks":{
            "block":"immersiveintelligence:ore",
            "meta":3
         },
         "rarity":101,
         "blocks_under":[
            {
               "block":"minecraft:stone"
            },
            {
               "block":"minecraft:dirt",
               "meta":0
            },
            {
               "block":"minecraft:dirt",
               "meta":1
            },
            {
               "block":"minecraft:dirt",
               "meta":2
            },
            {
               "block":"minecraft:grass"
            },
            {
               "block":"minecraft:gravel"
            },
            {
               "block":"minecraft:sand",
               "meta":0
            },
            {
               "block":"minecraft:sand",
               "meta":1
            },
            {
               "block":"minecraft:hardened_clay"
            },
            {
               "block":"minecraft:stained_hardened_clay",
               "meta":0
            },
            {
               "block":"minecraft:stained_hardened_clay",
               "meta":1
            },
            {
               "block":"minecraft:stained_hardened_clay",
               "meta":2
            },
            {
               "block":"minecraft:stained_hardened_clay",
               "meta":3
            },
            {
               "block":"minecraft:stained_hardened_clay",
               "meta":4
            },
            {
               "block":"minecraft:stained_hardened_clay",
               "meta":5
            },
            {
               "block":"minecraft:stained_hardened_clay",
               "meta":6
            },
            {
               "block":"minecraft:stained_hardened_clay",
               "meta":7
            },
            {
               "block":"minecraft:stained_hardened_clay",
               "meta":8
            },
            {
               "block":"minecraft:stained_hardened_clay",
               "meta":9
            },
            {
               "block":"minecraft:stained_hardened_clay",
               "meta":10
            },
            {
               "block":"minecraft:stained_hardened_clay",
               "meta":11
            },
            {
               "block":"minecraft:stained_hardened_clay",
               "meta":12
            },
            {
               "block":"minecraft:stained_hardened_clay",
               "meta":13
            },
            {
               "block":"minecraft:stained_hardened_clay",
               "meta":14
            },
            {
               "block":"minecraft:stained_hardened_clay",
               "meta":15
            },
            {
               "block":"minecraft:snow"
            },
            {
               "block":"minecraft:mycelium"
            },
            {
               "block":"biomesoplenty:grass",
               "meta":1
            },
            {
               "block":"biomesoplenty:grass",
               "meta":2
            },
            {
               "block":"biomesoplenty:grass",
               "meta":3
            },
            {
               "block":"biomesoplenty:grass",
               "meta":5
            },
            {
               "block":"biomesoplenty:grass",
               "meta":7
            },
            {
               "block":"biomesoplenty:dirt",
               "meta":0
            },
            {
               "block":"biomesoplenty:dirt",
               "meta":1
            },
            {
               "block":"biomesoplenty:dirt",
               "meta":2
            },
            {
               "block":"biomesoplenty:dirt",
               "meta":8
            },
            {
               "block":"biomesoplenty:dirt",
               "meta":9
            },
            {
               "block":"biomesoplenty:dirt",
               "meta":10
            },
            {
               "block":"biomesoplenty:mud"
            },
            {
               "block":"biomesoplenty:ash_block"
            },
            {
               "block":"biomesoplenty:dried_sand"
            },
            {
               "block":"biomesoplenty:white_sand"
            }
         ]
      },
      "stone":"minecraft:stone",
      "rarity":6000,
      "count":1,
      "min_y":32,
      "max_y":128,
      "density":250,
      "vertical_size":7,
      "horizontal_size":300
   }
}